Layer Name,Tiles URL
NASA JPL,"https://titiler.maap-project.org/mosaics/f0e6f941-4e50-46b3-9463-11b3c2181662/tiles/{z}/{x}/{y}?bidx=1&max_size=1024&resampling_method=nearest&rescale=0,400&return_mask=true&colormap_name=gist_earth_r"
NASA JPL SE,"https://titiler.maap-project.org/mosaics/210e8e5d-35c0-4549-8fc1-2b2145ad6ecf/tiles/{z}/{x}/{y}?bidx=1&max_size=1024&resampling_method=nearest&rescale=0,150&return_mask=true&colormap_name=reds&nodata=0"
ICESat-2 Boreal Biomass (Use zoom >=8),"https://titiler.maap-project.org/mosaics/74c9966e-e865-4c6b-bfe8-d12130f9d6ad/tiles/{z}/{x}/{y}.png?bidx=1&rescale=0,400&colormap_name=gist_earth_r"
ICESat-2 Boreal Biomass SE (Use zoom >=8),"https://titiler.maap-project.org/mosaics/e7e26f4d-9a2f-4a3b-9256-0821e372e40e/tiles/{z}/{x}/{y}.png?bidx=2&rescale=0%2C20&colormap_name=reds"
NCEO Africa,"https://titiler.maap-project.org/cog/tiles/{z}/{x}/{y}.png?url=s3://maap-landing-zone-gccops/user-added/uploaded_objects/ae841191-8a43-4226-9c5e-db4f500adb45/AGB_map_2017v0m_COG.tif&rescale=0,400&colormap_name=gist_earth_r"
NCEO Africa SD,"https://titiler.maap-project.org/cog/tiles/{z}/{x}/{y}.png?url=s3://maap-landing-zone-gccops/user-added/uploaded_objects/96a28977-02db-46a0-8429-70f5b4267d38/SD_map_2017v0m_COG.tif&rescale=0%2C310&colormap_name=reds"
GEDI L4B,"https://titiler.dit.maap-project.org/cog/tiles/{z}/{x}/{y}.png?url=s3://ornl-cumulus-prod-protected/gedi/GEDI_L4B_Gridded_Biomass/data/GEDI04_B_MW019MW138_02_002_05_R01000M_MU.tif&rescale=0,400&colormap_name=gist_earth_r"
GEDI L4B SE,"https://titiler.dit.maap-project.org/cog/tiles/{z}/{x}/{y}.png?url=s3://ornl-cumulus-prod-protected/gedi/GEDI_L4B_Gridded_Biomass/data/GEDI04_B_MW019MW138_02_002_05_R01000M_SE.tif&rescale=0,310&colormap_name=reds"
CCI Biomass,"https://titiler.maap-project.org/mosaics/f343756d-bf15-4095-a8f3-f4fcbb26b5f9/tiles/{z}/{x}/{y}?rescale=0,400&bidx=1&colormap_name=gist_earth_r"
CCI Biomass SD,"https://titiler.maap-project.org/mosaics/f343756d-bf15-4095-a8f3-f4fcbb26b5f9/tiles/{z}/{x}/{y}?rescale=0,500&bidx=2&colormap_name=reds"
Paraguay Estimated Biomass,"https://titiler.maap-project.org/cog/tiles/{z}/{x}/{y}.png?url=s3://maap-landing-zone-gccops/user-added/uploaded_objects/0bfec58c-45fb-464e-b301-b1afbdf5249e/5_biomass_cog.masked.tif&nodata=0&bidx=1&rescale=0,400&colormap_name=gist_earth_r"
Paraguay Forest Mask,"https://titiler.maap-project.org/cog/tiles/{z}/{x}/{y}.png?url=s3://maap-landing-zone-gccops/user-added/uploaded_objects/45fe2e6f-2007-4cb1-964a-f337f39f4fdc/1_forest_cog.masked.tif&rescale=0,1&nodata=0&colormap_name=greens"
Paraguay Tree Cover,"https://titiler.maap-project.org/cog/tiles/{z}/{x}/{y}.png?url=s3://maap-landing-zone-gccops/user-added/uploaded_objects/ee5eb60c-3c01-4789-ae8e-c03f1d719440/4_tree_cover_cog.masked.tif&rescale=0,75&nodata=0&colormap_name=greens"
